file_name,class
fc228f83-ed73-40fd-96df-23488dffeea8,live
a62117c0-e8cc-4fee-adc6-1317cfe8b02e,live
e79e5f66-72f2-4c01-8fd4-f33eeb7e5bcc,live
09ca9f89-525e-422c-9cf0-b67a4b2351b8,live
44c88a91-b0ff-42d7-8e37-3f9a29daab16,live
2717caa9-1005-465a-b716-83bdac25b868,live
c04b69cd-3df6-40d8-b8e9-7edcee6c0ac0,live
f67c82b2-dedf-4a43-9725-893452b333b6,live
c65f5628-bfdc-4297-884d-8dc823f862c2,live
59ee3e21-95e6-48cd-8f89-b340086dd2e8,live
37ecafd1-edd4-4d66-a85d-20aa03bdd542,live
4b5ed2e0-4f81-49f9-a41d-204533f96c4d,live
f2f526c3-259d-4048-b687-b9c4ce328c5c,live
65c00fac-ef29-4ec3-aa4c-9ca05933c179,live
efb13d79-fc93-455f-9e4d-5a37eb0e50e7,live
aa9b56b4-c750-4985-a50b-a4bb34c17df0,live
3868625c-143f-453d-9ae9-c7159e4a3ff9,live
30f57273-be5f-4b90-96d5-ba4b14fb5fc0,live
bfad7b1f-b8ea-41a4-b90f-377427ffecf6,live
70e67689-d1e3-4924-b88f-41788193c0be,live
8d59246a-a72f-4a02-a953-166cc09aeaf4,live
949c79a5-e15f-48b1-9b9c-6e83abc7e6e7,live
a8e47bda-cc92-4c37-a392-b790b28c9ebc,live
de863458-5beb-4915-9b1c-67e19fdd2ffc,live
458d3a43-5524-4811-9574-2eebff8943d1,live
31cc4463-2520-4208-ac92-56095256a17d,live
f25f19d8-d33b-4e5d-b10b-2af95d27cd0a,live
6797c772-fe22-45ca-be7b-3dadd94f1563,live
7ea531f3-cc25-4afb-8ff6-9f5964f6a096,live
513fc633-5927-4da6-b46d-9a8a31eb43d7,live
69af2e1d-a9b6-45c9-951d-85de25796205,live
74fd6336-a9c0-4646-8cde-5c276e0bad28,live
253652ed-6072-415b-aea8-605fc866b2b1,live
3c989197-71c9-4ae4-b8ab-9d69f5417394,live
26eac94a-8836-4f8b-b875-6b38cc71cab2,live
a11e1da2-23bf-41c6-94a1-405013c968e7,live
f617aa97-afe1-4f27-abe5-6965df88e13f,live
f9b82f4f-67a8-4d9c-8fd8-1508e765646c,live
08d61276-febb-44c0-9744-cf9b4530b20e,live
8ac5359c-3738-4ca1-b4db-01b303e4efa1,live
3bbffbb4-1ea6-4a52-b164-b844f0eb5c7a,live
653ed2f0-17d0-44b1-969b-2d011d1d4c75,live
3999a272-10b2-405a-b9bc-27333669702e,live
d571e3eb-83db-4571-bc39-37ba327a72ea,live
47d104b1-27f1-4384-ab67-154dd6452faa,live
0e2e0a8b-bfcf-448c-a3e8-acee8ea5555d,live
4d958ca2-eeef-48c3-b2bc-7b35348e8f53,live
2804d410-e674-4d6c-b312-e2b1d47ca0a9,live
9f04880e-7e65-4030-8ac7-2116e16e1e74,live
2265ac18-888e-4be6-b9c6-a2152a6ba69f,live
a7813ba7-d259-4994-940e-bb5c74d4cbd2,live
a9b8915b-fd53-4c54-a3b4-5edc6ceb1df2,live
a0707554-0296-4f27-8da5-bce0f64ecc00,live
8ad2de74-b169-4d0d-99ef-b87686584ff2,live
f6f1a981-bba1-4df1-a26d-965ee5823023,live
af319d1a-18e0-4901-98cd-fe34eb49749d,live
ebb9a17c-cd6d-4338-9577-b5c7dae952e6,live
5221a123-0c18-4199-b6e8-32a2e8720ae4,live
075e2d49-8211-4d45-90a2-4832c3967341,live
2e14b6a9-f49e-4f5b-bfb3-cf566e2b1839,live
f8576992-feaf-4fc7-a2e5-1f00ba088040,live
ae7e6b1c-be79-4efc-a2c8-36365414b305,live
0e34874d-d5bb-4f5b-8bfc-c276f01e2f6d,live
b9ee0543-66c4-45ae-b21c-abd12606f364,live
924173fc-6c16-41da-a570-9f15bd2138ef,live
56836144-2792-42ae-8fce-04614a137c02,live
88586179-2136-4526-85b6-ba60879c9855,live
2926c6c4-0057-4f85-ad35-64b7522d238d,live
ad10230c-c763-4d30-8fd4-daa71b0c0314,live
9a2b52de-ef77-46b7-978d-e3b7301018ff,live
c7798136-2886-4d0f-9f8c-a77f8660afad,live
ef8eb2cf-0bee-4b75-9b61-6a467f0839bb,live
d0a9ec1d-d69e-43aa-bf82-ece91ba54ae6,live
8e86ed51-3f89-47fc-a813-30208df29cd4,live
97224614-f36a-46cb-8d5c-f7968756c973,live
16f87493-f9c5-464d-9b97-d373745d2f3f,live
9977362e-66a5-4f59-a9b3-e7f9bf684d0b,live
87f37edb-9fa6-40aa-a88f-8990b56d7b26,live
97b29744-495f-47a8-b263-9ffe7cad83bc,live
c08ee80c-b1ca-4572-95c6-f4f0ff871428,live
b9f890c6-42e9-4986-951e-7d1c8b53a946,live
0d242460-d1ab-4bb5-891c-f83362386731,live
1cbcba0a-3c67-4ae4-993a-878e63e193e1,live
753a99c4-af92-429c-bc45-d2fd9dabe6f2,live
90f854e5-f668-4d7c-a358-cc0043f8a7b0,live
a28a0662-52d0-4214-b2cc-c3b981c9ae31,live
bb64d154-c54c-4788-8ac9-65f83d4f3fb2,live
7bea5c97-a60d-4c9e-a257-2c9a8220f6a1,live
eb66bbeb-d833-43c3-b004-69c97b5512e7,live
a05e94d2-0734-468c-9fb7-76c3e3a9e450,live
f255a9c4-f322-4b8d-af55-2469e5aa6074,live
e28f8e30-0265-43f3-bdc5-62f8e8c8f35c,live
86ea9768-7eee-4778-98f0-70c0224d81f4,live
0a9fd434-8fe5-408d-a4d5-a2ea42c2b710,live
538606f6-81a2-4304-a35e-cf129a387577,live
c2bfc4e7-6ecd-410f-beb7-d62f84a3227c,live
ddb09233-f645-44e3-841a-7ac480415ccc,live
1759db81-6107-4049-b548-9924e560c7b1,live
2c3bbf59-1be5-4779-9c44-a19b7510106f,live
c3894f68-d6b2-4189-89a4-a8508d5a3abe,live
c711d750-19bb-43e8-a845-89a51dc05d98,live
25b0c8cf-64d5-4729-aec5-feaf8d413d96,live
3a1cf26a-d0ee-462c-ad4a-7551a3591ff5,live
e277eb0c-d290-4362-b547-e290620afb30,live
6f855113-843e-474f-881b-cf9306968c82,live
d14cce50-c286-40e5-b012-2f25734a88e7,live
7db81ae2-4c69-48d4-af9f-7eca562036f6,live
8228d85b-2a04-4773-89c2-75931f45cfaa,live
bdd6d7af-b284-4915-9c1c-a9b31b3566f2,live
847e8781-5c64-48a2-a612-eb0565749823,live
7c704a70-11dd-41e7-ab9a-f660b46eeb71,live
ff8c826e-a126-4734-a4cf-a2e8aab2fa35,live
40aa139a-3828-4bf5-831f-bbe956a39b04,live
d663b8d7-b0d9-449e-b702-796eb9c9659f,live
c23554f0-83d9-44cf-a354-62bc6f3fd414,live
2c34a2cf-c947-4e75-a19e-d0ac21f0f2c0,live
753cec24-f0e9-4628-a3a8-6347b55c04e4,live
f92d1127-a62c-43ce-a12a-628eaf748f3a,live
b65ecef4-3d33-49cc-92ad-ac5ae11bf929,live
128d9730-08b9-47b3-8308-05d678a60e0e,live
177b183e-0c47-4af2-93fc-19107716f73e,live
9d89eaee-d675-4b4e-8fb0-1ab3d245f19d,live
0b8b3616-c04b-4cef-8ac5-7e1b5b0cdd3e,live
5bf0ce44-6285-4026-b2d0-fb2d49e0d83c,live
bee5b7cc-2b04-464a-a498-652e29512bb9,live
bee470eb-fecb-4619-88a3-bf8f054e78a2,live
5ae79628-bbee-415e-9753-b1ef963f2ee0,live
b16761cb-1939-4e5c-883f-85398a89975f,live
bd4d0923-8843-498c-bf28-9a8a08e031e9,live
e9107838-3f38-445f-9b13-b46e432d702f,live
238166c0-5f4d-4124-af69-3f2a45f5ac2c,live
15be21bc-4668-4a20-b47f-87b72c823c32,live
86419de7-3726-49d3-b8a1-9dfbdde0d2eb,live
0b5891e1-67b3-46c1-974a-89095bff94d1,live
7ad6562f-017f-41bc-8ebc-6a75d71f22e2,live
69f6dc31-f58e-498e-bb5f-c78df3ecf686,live
f00231ea-7826-4d7c-9943-0f232ae7b1c7,live
5d84f1ae-68ae-4230-860b-ef1d93fee22c,live
d6630c21-8997-4b2b-b0d3-e751077beb5d,live
5fedb144-4e95-4723-858a-50272bc51e09,live
1d29822b-5be6-40fb-bdf4-1cd03825634c,live
0427def8-95b3-4402-8673-f37ccd16b11b,live
6e9b8a86-e527-407d-baa4-9863b136ae9b,live
d4844f4a-d060-420f-b8cb-88c22ccfea51,live
2acff0c0-5a5f-4683-b820-81c3389e3bed,live
8178fcba-446a-4871-ac04-f57f95336d27,live
d25ec964-f46d-4c81-b855-208bc4082f94,live
27e227cf-490f-48ac-86bd-27c377c2698e,live
eef344ca-988b-4491-8453-f53e485a671d,live
e0416213-3089-4aac-8645-5013890b75b4,live
b4b188b2-9810-4590-983a-fd58fc6c6228,live
5cb73c73-2de8-4714-8ece-264f5791d215,live
ac1bdf5f-5781-4468-864c-b1986b1cf96b,live
9fb2366d-4ec8-4dc4-99d4-8768b9f4727c,live
2758c875-725d-41d8-b737-f63beb97ca42,live
b2af3471-7d57-4f9d-becd-79998eccf4a4,live
e621b140-ef54-4e85-9bf9-07e62c2f0c35,live
7a255856-e1a8-4672-a6f4-fe32ffad3660,live
a8e250d5-7690-4f5b-9855-645f3ac6a755,live
aed0b0af-c387-47ce-8717-5487aad12c33,live
121a3653-da46-4181-a9ad-13fec4cfe473,live
3a2857b5-60fd-4afe-9ee2-075e49d285b5,live
f4657ee6-c430-4a87-9650-f1b6aaa4ddb4,live
72a68cd0-e269-40c2-b905-252a19855f83,live
8167ea41-a3ca-4a0f-9379-53040cd5ccfb,live
12b5d005-c6cf-419c-ad87-805ad16d6e15,live
1f19fc6c-a62c-408d-9075-23dabd304d67,live
1ae24baf-84fa-4ed4-9365-73c2db3c16d4,live
732c336d-cf4e-4a5b-a1a5-672af73ad736,live
c059877c-46c3-4bd0-bcb5-9ef88447c84c,live
e9ab0ed7-7a2c-426b-96f5-f7b46e41fde0,live
19fb5647-9a31-43d6-bc2b-a273bf58975e,live
c4db092c-b744-43bb-9147-9f8a1ab7c720,live
c4725ec3-d4cc-480c-ac26-a0854d03d1ef,live
ffbcc269-9e4f-4f22-a0e2-a6788413fa12,live
43847af6-ca56-4595-a850-90c3c39db5b0,live
358c4572-6003-4156-a641-78a758a68b2b,live
d5c81b6d-71b7-453c-b7a3-86b150798443,live
ca847664-12ea-490b-bad2-ae2f1f5ea0b5,live
5bea0c02-11c0-4437-a083-cbaf46f6cc32,live
b1ff8d31-ca73-42e0-bb16-6f2ed6f0b786,live
df91c1fd-0476-4341-b50f-ea1b905a9c51,live
585e87d9-ce3f-4e7e-9426-b72f28dd2ee4,live
f9aa3d48-22ea-46f5-8192-8463c0846eb8,live
d3d5b167-7b5c-40b2-aee8-bcb63724ed0d,live
9e338350-db4f-4318-9618-a0f071063005,live
5b708a58-b7fb-4270-8228-6a052323db37,live
a5ff9da6-c5e1-4034-8353-eb670e0218eb,live
b562d7aa-12ef-4fcb-b0e1-6d01b0ff10b5,live
041f9c75-4285-4856-8aa8-6bb5c7b47a52,live
b09a69e2-1c78-4bc0-8076-1cb10b5f73ce,live
7849ea87-8220-4302-be30-59eaf3db4d03,live
159d64f2-d544-4f98-87f5-b3f2dbcc046b,live
27ba2b2b-04a2-496e-8eb2-b2d8a6b64888,live
d596f973-4bfa-4294-8fe7-35f23d72a186,live
5b10fad4-4b14-47ae-9f9e-a6d01f19f5b7,live
35374fae-778f-4a49-8e34-3e8306925841,live
5cf1c8e1-f31e-439d-9bdc-a152a2acc3ef,live
616c10e5-502c-4263-9fc4-345273626ebe,live
6dba3583-73b1-4340-887b-6d2abc822d4c,live
22f91c65-df64-4b75-810c-af2c990bcc77,live
fb98cce5-e80d-4a2b-b5ca-178e604d6670,live
ccee61dd-2846-4ea3-ac9e-0f8a3cf358f6,live
b45f2723-4ef8-4ce8-bea2-bc46efec15d9,live
bb146415-2cca-4969-b29a-b503d2a62899,live
2f762659-5c8f-46b0-8f59-2cc3bde66c0c,live
82e20bde-a363-41df-81d6-82c271495034,live
802f6e24-2ee4-4c46-a208-6207147835c0,live
f0a2b94d-c059-479e-9376-e3dfabb531fc,live
a5e73895-de76-4820-bb88-bfed0c532006,live
8d2f172d-4e54-4330-863f-8ab7588ff348,live
48211fc3-2a02-4ae8-a3fd-8e7f22549a9f,live
a70c2bbb-2854-4b1a-a3b2-d73b6e23da17,live
004ae66b-7a31-43f7-8805-f65f85fd8c0f,live
222e5b9a-16b0-4a00-8cde-963192783bff,live
80d1d718-f325-4877-95a9-032ca78d0e65,live
f67bed98-0364-4444-8f1f-014058a3318b,live
ecf35ad2-03e6-4ec5-90b1-24fb9a3284fc,live
fbeaa396-feb8-4cb5-b68b-7a1f5dcdf2df,live
77183b90-2570-4f56-a31c-f496f9ae3852,spoof
8a8a5dad-40e8-4370-bcc1-e00781e4abdb,spoof
91e6e427-8f57-46ef-b213-c76ebf3793c7,spoof
6f5f8172-01c9-4f12-9d03-be4cb7485f38,spoof
bfa4226c-8eb8-4b26-ae64-170bf3ef5a6a,spoof
f5678938-e43c-43ed-b194-ce6c2d2e91ce,spoof
b51f143f-cca9-4619-84c7-1a9926b67521,spoof
99f7341c-9a4b-4d8b-b700-4cce68c982c2,spoof
38146db5-5308-46df-9f3c-bbe75aee0e55,spoof
c3884d71-8ff9-4cec-9b4e-43d3b512899a,spoof
8da29129-6931-4802-a00e-e3c4bf9913f6,spoof
47aa1a9b-07f3-4fc6-a839-7a9a81716221,spoof
6d197a62-0fae-40ab-af91-7c038fa57d02,spoof
f948cf75-238c-41dc-b06a-8c70e9c2ee47,spoof
51f5f9d9-0ca9-4588-9ce7-9c198c50f63b,spoof
8d20f530-4250-4587-aeb5-1c0390cae22b,spoof
89ed1e71-ecaa-4dcd-baf8-b3b4ff2ae2bc,spoof
e613ef54-59ea-4d45-9bfa-4be35d0362a8,spoof
94ff59ea-a482-48d5-a342-5924d11b897b,spoof
3a6599e2-c2ca-41cd-bd1a-94d8f20a91ef,spoof
e5fef681-a070-4c5c-8c7b-6311175e423d,spoof
a355ec62-4773-4c5f-9399-dfc6ae04b42a,spoof
d6309dac-5ca9-486d-8b34-7690b34f688a,spoof
daa5aba2-b83f-42c0-8b8f-a2fcdb752d60,spoof
3e234f87-ad35-47db-bba0-d6a354317611,spoof
2c09604c-dc72-4c04-841a-9b585cce8d30,spoof
f77a6cee-51b6-45e7-9ae7-02caf3c2d55f,spoof
99a7bf59-4d97-4cf3-a008-62c28a2aba38,spoof
bd68d478-5bda-4469-b3eb-582cb408ee04,spoof
ed8df415-b698-4f27-83bc-034429cbff5e,spoof
ec1be1ba-c0ec-454a-8673-6ca2053ef2f9,spoof
f6876002-95ec-46a8-a9e1-45c6e9d0b845,spoof
30e03211-855f-4da2-ae7c-e6e7bb11e127,spoof
a835cc62-282e-4024-86b2-133f03d7fef9,spoof
bd4ba185-53bf-4ebe-bb86-5e64b43e4cc0,spoof
63e497bd-72eb-440f-99a5-6e7782f5bf69,spoof
5b0eb1ae-86c7-4934-a5e8-41389d8a7787,spoof
4125a92f-d39a-465b-8501-8e61a93e0c57,spoof
45014723-f4dc-4c92-a8d6-2f8a312e172e,spoof
d7be3e66-f435-41e2-8ffe-e9cc1b14d47c,spoof
30cf357d-a126-4423-8dec-3a695519a00e,spoof
3979037a-e863-43ca-b808-7be15f004361,spoof
3bc59826-b869-4254-aad0-8f7391c7e380,spoof
86e2b253-8fd3-46a7-adf6-d92f4088c24b,spoof
abdaea69-2c0e-42a6-b03d-97ff88a57470,spoof
0eedb897-4d04-4ea1-80b6-d7ff36f3bd39,spoof
3acf06fa-196a-4df7-9a50-de472ec09a6b,spoof
ea775c51-4717-4057-9092-4d699a00fb8d,spoof
35bc3e53-3f63-48b3-91a8-e66dcc82a638,spoof
f11b416d-8bc8-446e-904f-1902b0c3f431,spoof
9dd56b47-4827-418d-a29a-43ef95ae8b37,spoof
156653f2-40f6-4c65-8a11-e712db75f23a,spoof
de16adab-e1c2-4b71-89d3-b8e07a2a7b34,spoof
49e1a3b4-dac4-4a8f-85b7-c9cfd05024ba,spoof
9e35af5b-ca33-4bae-bf62-cfc51f88936c,spoof
8efefefc-f645-4507-b5a3-b7944895420c,spoof
b35fdbef-4f70-44ed-93f5-ca76b99ff9fa,spoof
dc2e99ab-018d-4def-a838-35cba4ecc23c,spoof
3b761b1a-a412-4a47-ab60-a73d68aa3061,spoof
3b8d4be4-dd9f-4b5d-9954-87e2bfa25b8e,spoof
c7610fbf-7cbd-458e-976a-34a457590326,spoof
a4da241b-7420-4168-85ad-2be844a40d41,spoof
ecb48231-4143-413b-b17a-b62c4004e43d,spoof
12c50514-f75e-4fe0-8fde-6e2035d7f6e4,spoof
ea6693ab-e224-430c-bec0-494b7d5a488b,spoof
27c9967f-2af2-4a11-a720-b8cb9cd38313,spoof
e44e16a1-9557-459a-a822-b8b1c0e376f6,spoof
7ba23dd7-499f-4a45-9856-fa3fa9631eb5,spoof
4bedae0e-cfbf-4785-ac51-883042e19a45,spoof
06cea4aa-3e11-4bb0-b43d-00fa9ed489f1,spoof
01e56b0d-25e1-402c-8f37-695f061dbe91,spoof
f0fc9b61-9ad6-4c88-b7fa-6863121456fd,spoof
373d873b-e6d0-489d-9c06-5213a4477f1b,spoof
216750b0-410e-4de4-996b-cf9c8ca89334,spoof
9531a039-3ae1-4c77-aeab-afe842b41bb2,spoof
c692b38f-752d-4e1e-874a-cd8dae32c069,spoof
5a00c9db-309d-4208-9036-2c5b1b83bfec,spoof
1981212a-b6db-4f95-a8bd-850c75959e83,spoof
4e476b7b-6e7b-45c8-8b60-9f09fceccbd4,spoof
93b0a155-4651-477e-ae4a-b5beeb4cbd1a,spoof
1d2e1f79-7e9d-4d48-860a-8257dd43e0fe,spoof
454fc20b-73c5-4132-9e72-197a653c397c,spoof
86772f92-8f10-40e3-8060-1dc8794362ed,spoof
9de8ba33-24d4-4334-91e3-ad004f85a16b,spoof
6f7e97be-4843-46eb-b049-0d6a85aff0b2,spoof
d67510b7-001b-4c23-8f2d-b9806b828dd9,spoof
9a925c01-ab2d-4a83-8689-c5560174faf0,spoof
0b6faa07-d1eb-4570-b5cf-647f63246161,spoof
0ba021ea-fbab-4331-aeb2-c9c8af55bffd,spoof
75c2d1ba-0feb-4764-ad22-5d3c5031306c,spoof
15ee777b-22ad-4b10-879a-68b2145792bd,spoof
6f1d3482-a45d-467f-a9a9-9d70e60576e6,spoof
a4733d98-1734-4c83-b0ce-d02746b052fe,spoof
71a29cf8-de2e-40bf-be7b-50c92fda7560,spoof
5208d7ac-1823-46b8-a368-22c39f6b80d6,spoof
f3ce8153-3e93-4cef-9ef2-6fea2f5b48a4,spoof
a7901e07-b63b-4976-8b69-fcde48cfbbc9,spoof
169ba548-028d-4c75-ad5c-aafdf50b3b73,spoof
57c83f5b-844d-41fd-aaf4-bb442aa715ee,spoof
5a5df4ff-6d71-45c6-950d-277776f186cb,spoof
1619e609-5bb6-4194-8c56-269f6138c9dc,spoof
bfdfff13-14cc-4f35-972e-d1d2d0cf6335,spoof
058fa5ad-90e5-49e4-97de-3afcb82e0549,spoof
659576b5-7656-44f2-b21b-04fb29eaf222,spoof
92623545-6fc3-44aa-8675-c4842c1cd6e3,spoof
e3f1f5dc-1c06-4a89-8494-97b1ea152e09,spoof
cd11868f-0e91-4ca4-8037-59956a416e93,spoof
cd4885e1-97e8-4c68-a008-fb5699b1be3e,spoof
3ad2f285-7c01-41e9-95c6-f7cde94ef366,spoof
76816cd1-687d-45d3-978e-c88533d283c7,spoof
82efa05e-1776-4357-b403-90ae43619f80,spoof
78d2c49d-2fcd-47b2-8ec3-ceeabcdf0f19,spoof
056c880c-7c0c-4261-aede-f832e6d6ba92,spoof
6383913a-08b2-4a69-b47c-579b505beaad,spoof
7e3d0ca1-57c2-49b8-8d3b-f5e07ef73096,spoof
a0b6e731-1fe1-44f8-9757-928ce11934e3,spoof
25679254-5339-42d9-a816-2c1302ce51e8,spoof
7267b91e-223f-4b3a-8046-c364baa04b05,spoof
01f87903-e04a-4929-b5ac-2046f28f6800,spoof
299e8ab6-3988-4ce5-a073-30f44823b58e,spoof
41325176-85e0-495a-a7c8-0e04e0250159,spoof
feaf066f-e033-491f-ba9a-f1d96e0f0af0,spoof
988d1eb5-b5f9-43fa-bdb1-f2ab5d85ebd9,spoof
ebf3e66a-5edb-4109-b2b6-102993c45631,spoof
9c02e4a1-b3d6-47eb-a0ff-f2731df2d6c6,spoof
990fa6b8-b87d-4ee3-acf2-2c4b25f85672,spoof
970bef7a-f818-4d91-b529-fb2ab081615c,spoof
581305a2-6dd2-4a04-aa3a-106803a21333,spoof
accd7d9a-088b-4e25-80c9-5e12a3a323ff,spoof
5dbdc73f-4e04-4625-9de1-d455b9fdb107,spoof
135e3094-8f2d-49bc-9ac5-ff02029a7758,spoof
e4dc278b-5cd5-460b-b0de-2aaf7afaf194,spoof
d80f6c6b-ab96-471c-aa44-caeb6da53883,spoof
9f4344be-9da2-41fe-8486-528adc59c057,spoof
e8697cbc-ce18-41d0-933f-0c3c699632fc,spoof
fedc1e08-3784-4473-b8cb-7ffd2451616c,spoof
f5b4a68e-d392-4fe2-9a15-1533ec9da049,spoof
cb7074e5-897f-4582-892d-90cb22a4b010,spoof
962369d7-e4c7-4d98-ad8b-b3d15edaf508,spoof
76edf6c4-f14f-4f03-8032-f9e2002d2edd,spoof
b1310b35-638c-445f-89bc-07dbf4fae2ae,spoof
092f44b1-87c2-4d85-baef-d56bcb5113ee,spoof
dc6a210f-98ec-4e41-a36b-a965f932d5fc,spoof
6e6c55ed-7fe0-4d54-ac09-d854132320d6,spoof
272e24cc-a2dd-4cf3-bcdb-0a1add08d56e,spoof
72eb90be-7c54-4bb1-a68f-f7918ff94a4e,spoof
614c3d22-57d1-496d-8950-fc816ee8f251,spoof
ade4f0ef-b32f-4eb3-ad5e-77d6055f069a,spoof
fc1246c6-ea98-4efe-a6a1-1adb5dae8786,spoof
ad47114e-c061-4632-a15f-57c0ea91019c,spoof
9b74e53b-56fa-45d5-be4b-42ac1d91de9b,spoof
1d4dd428-633a-4405-8c70-27f8d7b4ddd5,spoof
9f9647db-c2ee-41a0-9fa0-5108d3a2a0d3,spoof
99f6c084-912d-4142-8135-9e6cc7f3d663,spoof
a423b881-f497-4929-be85-4d392337d3d1,spoof
b0c42d70-f19d-49be-8750-90554751c52e,spoof
af6e2fc9-881c-4904-b4d1-6170f424f949,spoof
cf65d0a2-b344-44b8-85b6-6f1447767d54,spoof
64de7ad9-aeb4-41d9-b423-5eeccaa11098,spoof
edfea2a2-10f4-4e99-8374-63a90fea3acd,spoof
cdf7c412-3d3f-4460-85ab-22633697ed8b,spoof
472f1564-30fa-4434-9ded-9700b4264006,spoof
f78cd19f-147d-4ca9-adcb-102f6e189eab,spoof
3eea67e9-1adb-4eef-bd3b-a3fd512dc1c9,spoof
eb7383b6-19b5-4952-9328-2b994c852c46,spoof
76feabf9-80ba-4d4a-b101-2016969d5463,spoof
6719cddc-789d-48b3-94f5-eba07c2ee1a2,spoof
25fc8fd0-0c3d-43ca-82d0-28f8b00d289f,spoof
cf356186-cf17-4370-9f88-5fe5c3afdf27,spoof
2af09994-220d-4d01-a338-c5213553fac7,spoof
efcc7e55-6c2c-4bf0-aadc-697869f8307a,spoof
d99c6686-22a4-4aec-9f72-22515481c967,spoof
babcc0da-0b61-4252-a9af-81a78fac3cf1,spoof
33435e08-2a76-4046-84c5-8a007e6a0b8d,spoof
